{
  "token_acc":1.0,
  "token_p":1.0,
  "token_r":1.0,
  "token_f":1.0,
  "spans_sc_p":0.9051724138,
  "spans_sc_r":0.9292035398,
  "spans_sc_f":0.9170305677,
  "spans_sc_per_type":{
    "HEADER":{
      "p":0.9051724138,
      "r":0.9292035398,
      "f":0.9170305677
    }
  },
  "speed":3234.6193518286
}