{
  "token_acc":1.0,
  "token_p":1.0,
  "token_r":1.0,
  "token_f":1.0,
  "spans_sc_p":0.9084507042,
  "spans_sc_r":0.8657718121,
  "spans_sc_f":0.8865979381,
  "spans_sc_per_type":{
    "HEADER":{
      "p":0.9084507042,
      "r":0.8657718121,
      "f":0.8865979381
    }
  },
  "speed":3352.8463752505
}